{
  "hsv_low": [
    20.86341195636522,
    85.99260229568,
    211.19574714407196
  ],
  "hsv_high": [
    34.27172317876992,
    139.23262292954522,
    255.0
  ],
  "area_threshold": 200,
  "num_samples": 111
}