{
  "hsv_low": [
    25.143592791465448,
    78.5347675834688,
    255.0
  ],
  "hsv_high": [
    32.41378425771488,
    177.07178979358036,
    255.0
  ],
  "area_threshold": 200,
  "num_samples": 122
}